{"loss.object":0.9904541224241257,"loss.trans":0.48614469170570374,"loss.objfeat":0.3097057193517685,"gradnorm":0.8981186673045158,"_step":1,"lr":0.0016,"_runtime":34.991500696,"loss.liou":0.006262246519327164,"loss.bbox_iou":0.3233233094215393,"loss.class":0.5937966108322144,"epoch":3,"loss":0.6567082405090332,"loss.angle":0.45033734291791916,"loss.bbox":0.5027224496006966,"_timestamp":1.732760741882599e+09,"_wandb":{"runtime":37},"loss.size":0.5542235746979713}