{"loss.objfeat":110.17270813137293,"_timestamp":1.7327610295994895e+09,"loss.liou":0.004557041567750275,"loss.trans":46.384965755045414,"epoch":8,"loss.class":93.78046452999115,"gradnorm":1254.0125848054886,"lr":0.0016,"_step":6,"loss.bbox":65.91134801506996,"_runtime":115.461074522,"_wandb":{"runtime":126},"loss.angle":100.63236635923386,"loss.size":62.290370136499405,"loss.bbox_iou":0.1638848432339728,"loss.object":42.06692352890968,"loss":66.40077196061611}