{"loss.object":0.47488026693463326,"loss.size":0.18721420876681805,"loss.bbox":0.21536882780492306,"loss.bbox_iou":0.2501885946840048,"_timestamp":1.7327594325250428e+09,"_wandb":{"runtime":154},"_step":8,"loss.objfeat":0.2984090745449066,"_runtime":149.884640814,"loss":0.44624871760606766,"loss.liou":0.006510831241030246,"gradnorm":0.13981160894036293,"loss.trans":0.17807172052562237,"loss.class":0.3217482902109623,"lr":0.0008000000000000001,"epoch":10,"loss.angle":0.31354641541838646}