{"loss":0.4420216791331768,"gradnorm":0.13204670790582895,"loss.trans":0.1817703265696764,"loss.object":0.4879174120724201,"loss.bbox_iou":0.26078711077570915,"_runtime":147.602594008,"_timestamp":1.732762059302811e+09,"lr":0.0008000000000000001,"loss.bbox":0.20917278341948986,"loss.class":0.32478299736976624,"epoch":10,"loss.angle":0.30051079764962196,"_step":8,"loss.objfeat":0.2970109395682812,"loss.size":0.17568321898579597,"_wandb":{"runtime":149},"loss.liou":0.006641112791839987}