{"_runtime":160.222999637,"lr":0.0008000000000000001,"loss.size":0.1753479465842247,"loss.angle":0.30245447903871536,"loss.class":0.3254372738301754,"loss.liou":0.006533900334034115,"loss":0.442578811198473,"loss.bbox_iou":0.2543735411018133,"loss.object":0.4750654622912407,"loss.bbox":0.208675442263484,"_wandb":{"runtime":176},"_timestamp":1.732760150700767e+09,"epoch":10,"loss.objfeat":0.30405164882540703,"gradnorm":0.16302333027124405,"_step":8,"loss.trans":0.17948357202112675}