{"epoch":5,"lr":0.0008000000000000001,"loss.bbox_iou":0.2555334474891424,"loss.object":0.6919289603829384,"_runtime":63.914440386,"loss.size":0.36363302543759346,"loss.bbox":0.34407026693224907,"_wandb":{"runtime":75},"loss":0.5012545436620712,"loss.trans":0.29122914746403694,"_step":3,"loss.class":0.3404751643538475,"gradnorm":0.11395152751356363,"_timestamp":1.7327611648485878e+09,"loss.liou":0.006310602824669331,"loss.angle":0.3939877822995186,"loss.objfeat":0.2748790569603443}