{"loss.bbox_iou":0.25296295506338917,"_runtime":1602.561847219,"gradnorm":0.20148614938220671,"epoch":79,"val_loss.bbox_iou":0.2486921325325966,"val_loss.class":0.08628667145967484,"val_loss.angle":0.23500433564186096,"_step":85,"loss.angle":0.20648067324392258,"lr":0.0001999999999999999,"val_loss":0.10595061257481575,"val_loss.size":0.08859380334615707,"loss.size":0.08477965309735268,"loss":0.08018161921251205,"loss.class":0.076464491746118,"val_loss.object":0.2477276772260666,"_timestamp":1.732758593468695e+09,"_wandb":{"runtime":1604},"val_loss.trans":0.11595218628644943,"val_loss.liou":0.006720773177221417,"val_loss.objfeat":0.04974093846976757,"loss.bbox":0.12017424813201351,"val_loss.bbox":0.13545583188533783,"loss.object":0.22101788751540646,"loss.trans":0.0980312233009646,"loss.liou":0.006200877589083487,"val_epoch":71,"loss.objfeat":0.0420333657774233}