{"loss.class":0.32560016959905624,"_wandb":{"runtime":155},"lr":0.0008000000000000001,"loss.object":0.4758152477443218,"epoch":10,"loss.angle":0.3029223531484604,"_step":8,"_runtime":152.2066253,"_timestamp":1.7327599125509772e+09,"loss.trans":0.18036821112036705,"loss.bbox":0.209380766376853,"gradnorm":0.1652825754135847,"loss":0.4427827410399914,"loss.size":0.17603224888443947,"loss.bbox_iou":0.2541306372731924,"loss.objfeat":0.30429117754101753,"loss.liou":0.006541658891364932}