{"epoch":10,"loss":0.4514038860797882,"loss.bbox_iou":0.25154806673526764,"loss.angle":0.3215305469930172,"_runtime":144.967325933,"gradnorm":0.16559458523988724,"loss.object":0.5000281892716885,"_wandb":{"runtime":149},"_step":8,"loss.size":0.18588214740157127,"_timestamp":1.7327604655955272e+09,"loss.trans":0.19317287765443325,"loss.bbox":0.2225282732397318,"loss.class":0.32927343621850014,"loss.liou":0.0066536671365611255,"loss.objfeat":0.31610047444701195,"lr":0.0008000000000000001}