{"loss.size":0.4242624118924141,"loss.class":0.39135371893644333,"loss.trans":0.3684142380952835,"loss.objfeat":0.2847323901951313,"lr":0.0008000000000000001,"loss":0.5956127047538757,"loss.angle":0.43965519964694977,"_step":0,"loss.bbox":0.40716755390167236,"_timestamp":1.73275952248931e+09,"_runtime":18.161726963,"_wandb":{"runtime":19},"loss.bbox_iou":0.3159705176949501,"epoch":2,"gradnorm":0.6822558045387268,"loss.liou":0.006893555633723736,"loss.object":0.9622623324394226}