{"epoch":10,"_timestamp":1.7327618800140057e+09,"_step":8,"loss.angle":0.3023132346570492,"loss.size":0.1782989352941513,"_wandb":{"runtime":152},"_runtime":147.14904288,"loss.object":0.5168283805251122,"loss.class":0.32637717947363853,"loss.bbox_iou":0.26158396154642105,"gradnorm":0.15078213345259428,"loss.bbox":0.21104375086724758,"loss":0.444137267768383,"loss.trans":0.182942233979702,"lr":0.0008000000000000001,"loss.objfeat":0.2998616360127926,"loss.liou":0.006636761070694774}