{"loss.size":0.15120349172502756,"loss":0.4258105680346489,"gradnorm":0.47417053021490574,"loss.angle":0.288661727681756,"epoch":7,"_wandb":{"runtime":106},"_step":5,"loss.trans":0.1529489615932107,"_timestamp":1.73275890902684e+09,"lr":0.00020000000000000006,"loss.class":0.2929964028298855,"loss.object":0.3634593039751053,"loss.objfeat":0.2790719233453274,"_runtime":102.828357331,"loss.bbox_iou":0.2511988179758191,"loss.bbox":0.18622260261327028,"loss.liou":0.006801657611504197}