{"loss.trans":0.25210084579885006,"loss.bbox_iou":0.25165580958127975,"loss":0.4869188666343689,"lr":0.0008000000000000001,"gradnorm":0.1257843067869544,"loss.object":0.5525188222527504,"loss.class":0.3329564444720745,"_timestamp":1.7327615527688837e+09,"loss.bbox":0.28346776589751244,"epoch":6,"loss.objfeat":0.2777470238506794,"loss.size":0.2519765757024288,"loss.angle":0.37775491178035736,"loss.liou":0.006545779760926962,"_wandb":{"runtime":85},"_step":4,"_runtime":82.514116496}