{"loss.angle":0.5315534621477127,"_wandb":{"runtime":33},"loss.object":0.9624988287687302,"_timestamp":1.7327607881854799e+09,"lr":0.0016,"loss.liou":0.0072110057808458805,"loss.class":0.46339525282382965,"_runtime":18.82614292,"loss.size":0.728235762566328,"_step":0,"loss.bbox":0.6459786742925644,"gradnorm":1.8053020387887955,"epoch":2,"loss.trans":0.6400050520896912,"loss.bbox_iou":0.2735905312001705,"loss":0.7037360966205597,"loss.objfeat":0.2926093861460686}