{"loss.size":0.18743576481938362,"loss.object":0.7456794008612633,"loss.angle":0.3389032445847988,"loss":0.46112408954650164,"loss.bbox_iou":0.29880409967154264,"loss.objfeat":0.2766325864940882,"gradnorm":0.40401497296988964,"epoch":3,"loss.class":0.33222366590052843,"loss.trans":0.18710554484277964,"_timestamp":1.732758971994913e+09,"loss.bbox":0.2251788079738617,"lr":0.00020000000000000006,"_runtime":36.566185613,"_step":1,"_wandb":{"runtime":51},"loss.liou":0.006746074737748131}