{"loss.size":0.16017577331513166,"_timestamp":1.7327587238562691e+09,"loss.object":0.44107967615127563,"_runtime":74.119318685,"gradnorm":0.33751596696674824,"_wandb":{"runtime":90},"loss.bbox_iou":0.2517334334552288,"loss.angle":0.2972316648811102,"loss.bbox":0.19527306500822306,"loss.objfeat":0.2824851758778095,"loss.class":0.31371585093438625,"loss.trans":0.16239794809371233,"_step":3,"lr":0.00020000000000000006,"epoch":5,"loss.liou":0.006722820864524692,"loss":0.4520052559673786}