{"loss.size":0.42426181957125664,"_step":0,"lr":0.0008000000000000001,"loss.bbox":0.4071671701967716,"loss.liou":0.006893557962030172,"_wandb":{"runtime":26},"_runtime":17.865903601,"_timestamp":1.732759261069309e+09,"loss.angle":0.43965500220656395,"loss.class":0.3913533017039299,"loss":0.5956123843789101,"loss.objfeat":0.2847323529422283,"gradnorm":0.6822532992810011,"epoch":2,"loss.trans":0.36841394007205963,"loss.object":0.9622621983289719,"loss.bbox_iou":0.31592845916748047}