{"epoch":2,"_timestamp":1.732758781226786e+09,"_step":0,"loss":0.4908229988068342,"_wandb":{"runtime":23},"loss.liou":0.007044911326374859,"loss.class":0.3517113421112299,"lr":0.00020000000000000006,"loss.angle":0.3774999715387821,"loss.size":0.21446767263114452,"loss.objfeat":0.27950454596430063,"loss.object":0.9355419017374516,"gradnorm":0.33586728759109974,"_runtime":15.56689149,"loss.trans":0.21786521840840578,"loss.bbox_iou":0.315381096675992,"loss.bbox":0.25649983529001474}