{"gradnorm":0.34511727280914783,"epoch":7,"loss.objfeat":0.2793850153684616,"_wandb":{"runtime":113},"loss.size":0.16089056804776192,"loss.liou":0.0066721870098263025,"loss.object":0.4422333091497421,"loss":0.4446239732205868,"_timestamp":1.7327592139128363e+09,"_step":5,"loss.bbox_iou":0.24745857901871204,"loss.trans":0.15951465629041195,"lr":0.00020000000000000004,"_runtime":102.293181514,"loss.bbox":0.193161154165864,"loss.angle":0.2920367866754532,"loss.class":0.31634997576475143}