{"loss.bbox_iou":0.27649425715208054,"loss":0.44648437201976776,"loss.objfeat":0.2721560653299093,"_timestamp":1.7327590792215767e+09,"loss.size":0.1690553706139326,"loss.bbox":0.2063540630042553,"loss.angle":0.31042566522955894,"gradnorm":0.43302644044160843,"_runtime":80.342433068,"loss.liou":0.006501855561509728,"loss.object":0.6225434094667435,"loss.class":0.3218401409685612,"epoch":5,"_step":3,"_wandb":{"runtime":94},"lr":0.00020000000000000004,"loss.trans":0.17427169159054756}