{"_timestamp":1.7327606849559329e+09,"_runtime":99.082706207,"gradnorm":546.6407719552517,"loss.bbox_iou":0.34842323884367943,"loss.size":15.032864049077034,"loss.trans":12.349555000662804,"loss.bbox":21.622021920979023,"epoch":7,"loss.object":265.08191350102425,"loss.objfeat":34.62805296480656,"_step":5,"_wandb":{"runtime":103},"loss":31.839638382196426,"loss.liou":0.0068819503067061305,"loss.class":98.86592221260071,"lr":0.0016,"loss.angle":45.41445529460907}