{"val_loss.liou":0.006831476232036948,"_wandb":{"runtime":161},"loss.objfeat":0.2682570777833462,"epoch":11,"_runtime":155.873965247,"val_loss.angle":0.31968680024147034,"loss.bbox_iou":0.24136638641357422,"_step":10,"loss.size":0.16356967948377132,"loss.trans":0.16490047611296177,"val_loss":0.45945805311203003,"loss":0.43490447103977203,"val_epoch":11,"loss.class":0.3189394362270832,"val_loss.bbox":0.21301764249801636,"loss.object":0.4175524078309536,"gradnorm":0.14701636414974928,"_timestamp":1.7327596920603557e+09,"val_loss.objfeat":0.27794334292411804,"val_loss.object":0.4400542974472046,"loss.angle":0.3026105873286724,"val_loss.bbox_iou":0.23452721536159515,"lr":0.0008000000000000001,"loss.bbox":0.19882896542549133,"val_loss.trans":0.18937963247299194,"loss.liou":0.006597537838388234,"val_loss.class":0.3277231901884079,"val_loss.size":0.1655428484082222}